component,layer,head,ap_impact_pd,ct_rescue_pd,combined_score
L17H8,17,8,0.21663466895498884,0.0912304386133101,0.16647297681831735
L24H6,24,6,0.19092949970466339,0.11398640892854556,0.16015226339421623
L21H12,21,12,0.18930091399972032,0.08410246234114577,0.14722153333629048
L21H1,21,1,0.18790283108629835,0.0996472399409224,0.15260059462814796
L20H5,20,5,0.13297577311352987,0.06541019859837321,0.10594954330746721
L16H13,16,13,0.10738942717633598,0.04857213140987765,0.08386250886975265
L17H2,17,2,0.09515878194715921,0.041061575819806406,0.07351989949621808
L19H8,19,8,0.08015283251680982,0.037212465231011516,0.0629766856024905
L23H6,23,6,0.07763106539482023,0.04160410710951179,0.06322028208069685
L20H14,20,14,0.07542378800671279,0.026127379115034932,0.05570522445004164
L18H15,18,15,0.07072237969898598,0.017678136142288747,0.04950468227630708
L16H5,16,5,0.05429036115727781,0.012116056026482025,0.0374206391049595
L15H9,15,9,0.052639379007060394,0.012245949448608795,0.036482007183679756
L17H11,17,11,0.04969984438361197,0.013631826493798238,0.035272637227686476
L18H7,18,7,0.048887895011320404,0.017722801100917063,0.03642185744715907
L15H5,15,5,0.04578134199468098,0.01905430308202416,0.03509052642961825
L16H7,16,7,0.04308734252685453,0.023380279904458567,0.035204517477896144
L19H5,19,5,0.04031162727169879,0.01601394574816639,0.03059255466228583
L16H4,16,4,0.03906126211329208,0.013869987391844085,0.028984752224712883
L13H7,13,7,0.03690306660605647,0.008726096734768096,0.02563227865754112
L11H9,11,9,0.03383348918542628,0.007842309591246766,0.023437017347754475
L19H13,19,13,0.033680098449311635,0.008868444620109162,0.023755436917630643
L13H13,13,13,0.03331087675036459,0.011609624435262034,0.024630375824323567
L15H4,15,4,0.03326444291486974,0.003748366745506826,0.021458012447124575
L12H13,12,13,0.03262240276104067,0.010189822534235504,0.023649370670318602
L19H6,19,6,0.03172204698004377,0.005763742981887421,0.021338725380781232
L25H13,25,13,0.02821958355787324,0.010559514528367564,0.021155555946070968
L17H9,17,9,0.028085103122199473,0.002656909750729075,0.017913825773611315
L15H11,15,11,0.028047989054424072,0.0052400863752133375,0.018924827982739777
L15H15,15,15,0.02758959371869163,0.008065718703153646,0.019780043712476436
L27H15,27,15,0.02652320338458547,-0.0004915704087513628,0.015717293867250737
L13H11,13,11,0.0262702710744811,0.004004769935840424,0.01736407061902483
L26H0,26,0,0.02524464886362965,0.02048795325000119,0.023341970618178266
L23H5,23,5,0.023525137726853607,0.016370312469761616,0.02066320762401681
L14H15,14,15,0.022194134752924866,0.011458295147593445,0.017899798910792297
L11H1,11,1,0.022168334664368072,0.013645026741958222,0.018759011495404133
L11H6,11,6,0.02204894147268155,0.0066535887194842935,0.01589080037140265
L19H2,19,2,0.021545294581389984,0.010780513286590576,0.01723938206347022
L12H3,12,3,0.021377798260712066,0.008389860391616821,0.016182623113073967
L26H15,26,15,0.021178545748315236,0.002675669949229187,0.013777395428680816
L10H5,10,5,0.020142864890214884,0.011247764273387584,0.016584824643483966
L25H5,25,5,0.01960735713563322,0.007130343012693552,0.014616551486457352
L12H14,12,14,0.019139908435868103,0.005004794132418722,0.013485862714488352
L10H2,10,2,0.017607667097231272,0.007505222791578725,0.013566689374970253
L17H12,17,12,0.017229678427300832,0.007508064188608277,0.013341032731823809
L18H8,18,8,0.017117564998021972,0.006464043768440786,0.012856156506189497
L25H10,25,10,0.017080976468760833,0.007509695320594645,0.013252464009494357
L16H6,16,6,0.017008762534071797,0.0035005284518730972,0.011605468901192318
L13H5,13,5,0.01628460607877591,0.0015471468611460981,0.010389622391723984
L14H5,14,5,0.015719985089651,-0.0011259419162098494,0.00898161428730666
L14H0,14,0,0.01552851389094101,0.013276729641891083,0.014627800191321039
L12H5,12,5,0.015364698520520914,0.006011923638785777,0.011623588567826859
L14H8,14,8,0.014894903433032125,-0.000338602356794504,0.008801501117101472
L6H0,6,0,0.014287523380140055,0.007338794993191233,0.011508032025360528
L14H13,14,13,0.014165750363977936,-1.5019643597513621e-05,0.008493442360947755
L18H14,18,14,0.01366016050664387,0.0032246127361204024,0.009485941398434483
L18H11,18,11,0.013010801338568023,0.007705995222417328,0.010888878892107745
L20H10,20,10,0.012171157249590281,0.005278401258515197,0.009414054853160247
L20H6,20,6,0.011935202086844066,0.0008526509854851483,0.0075021816463004985
L19H3,19,3,0.011871857614052073,0.007633345156181193,0.01017645263090372
L17H1,17,1,0.011364821980639261,0.006042412141474274,0.009235858044973266
L15H3,15,3,0.011143618967474955,0.0032001828275075583,0.007966244511487997
L16H8,16,8,0.011091859238903767,0.004791146734865803,0.008571574237288581
L7H4,7,4,0.010062029448951182,0.0018358615840353698,0.006771562302984857
L14H6,14,6,0.009953283682102132,0.0009094244096337079,0.006335739973114762
L7H9,7,9,0.009925047798854614,0.005406375338391611,0.008117578814669412
L20H8,20,8,0.009838896553690857,0.0009059775166395667,0.006265728938870341
L22H1,22,1,0.009748949510295257,0.009693467035526204,0.009726756520387635
L15H14,15,14,0.009628537951446137,0.005185153426193523,0.00785118414134509
L8H14,8,14,0.009531338040421722,-0.0015819792340441285,0.0050860111306353815
L9H5,9,5,0.009316346267374542,0.0018972449186370755,0.006348705727879556
L12H11,12,11,0.009197773729882619,0.001991729183894786,0.006315355911487486
L26H10,26,10,0.00883256880248462,0.021696552270796143,0.01397816218980923
L13H1,13,1,0.00874616750856727,0.003282140667845601,0.0065605567722786026
L4H11,4,11,0.008550218692640055,0.004249780643277079,0.006830043472894865
L25H2,25,2,0.0083801702755254,0.005298376810260019,0.007147452889419249
L17H14,17,14,0.008270182260652903,-0.002545071811210775,0.003944080631907432
L19H9,19,9,0.00813436798933076,0.002534566856012055,0.005894447536003278
L26H9,26,9,0.00793086101369167,-0.0012794689434330042,0.0042467290308418
L10H1,10,1,0.007563833783312601,0.0002549014440397235,0.0046402608476034495
L10H13,10,13,0.007354784302595174,0.00040807883913918097,0.004576102117212777
L27H5,27,5,0.007266466210528177,-0.0005175442230410665,0.00415286203710048
L8H4,8,4,0.007134272557933197,0.0024879465742809748,0.005275742164472308
L26H5,26,5,0.007101833093457133,0.004102139211282552,0.0059019555405873
L17H15,17,15,0.007082268959138438,0.008482273032025534,0.007642270588293276
L22H15,22,15,0.006875856620509491,0.00568814757393632,0.006400773001880222
L16H2,16,2,0.006630868446536153,0.0016353973528233645,0.004632680009051038
L16H0,16,0,0.006498635542101949,-0.0005495272031644793,0.0036793704439953777
L17H4,17,4,0.006441580086219645,0.0024075173750156553,0.004827955001738049
L5H12,5,12,0.006268285396622497,-0.0004034027820679631,0.003599610125146313
L8H13,8,13,0.006201613967011688,0.0038920742709462886,0.005277798088585528
L13H2,13,2,0.0061385151816577554,0.00114164265190686,0.004139766169757397
L26H14,26,14,0.0055819284625170384,0.0011529777108170158,0.0038103481618370293
L22H9,22,9,0.005421423330539632,0.0004984067707527462,0.0034522167066248777
L15H8,15,8,0.005183811594800303,0.002028823625750742,0.003921816407180478
L16H14,16,14,0.004720156512609375,0.0026397472474632977,0.003887992806550944
L7H8,7,8,0.004652721852791086,0.0011336062012650139,0.0032450755921806574
L4H0,4,0,0.004641592502593994,0.0023413496773416753,0.0037214953724930664
L14H1,14,1,0.004491076236817881,-0.0002917516522291663,0.002577945081199062
L19H14,19,14,0.004455713237204173,0.0004805595409579366,0.0028656517587056785
L21H8,21,8,0.0043224743226679685,0.001788824069790751,0.0033090142215170815
L15H0,15,0,0.004060346178892171,0.0003729120987217005,0.002585372546823983
L0H6,0,6,0.004023100544766733,0.0007262222650574746,0.0027043492328830297
L20H13,20,13,0.003467923257409078,0.0004698234360391851,0.0022686833288611207
L3H12,3,12,0.003409147989459127,0.002115903831109711,0.0028918503261193607
L15H7,15,7,0.003308154460860524,0.0013417303562164307,0.0025215848190028867
L26H4,26,4,0.003082593766654429,0.0005643360498475136,0.0020752906799316627
L7H0,7,0,0.0030222862232022196,-0.002323101933409566,0.0008841309605575053
L8H15,8,15,0.002847375666222951,0.001143976682569936,0.002166016072761745
L3H0,3,0,0.0027936733350520937,0.001336796254646444,0.0022109225028898337
L18H12,18,12,0.002702502942666829,-0.010290920007519522,-0.0024948662374077116
L1H13,1,13,0.002694191729150197,0.0022776533917683306,0.0025275763941974504
L4H9,4,9,0.0026847284014632766,0.0016767593418680615,0.0022815407776251907
L27H12,27,12,0.0026147140235436295,0.003874450922012329,0.003118608782931109
L10H9,10,9,0.002602615734425995,0.002464576465327606,0.0025474000267866393
L7H13,7,13,0.0025590687263302714,-0.0027749153172097474,0.0004254751089142637
L26H2,26,2,0.002522539801713908,-0.0021029579930189612,0.00067234068382076
L11H8,11,8,0.0025074416544379474,-0.00312650203704834,0.0002538641778434324
L20H0,20,0,0.0024025832734456687,0.000510324792164063,0.0016456798809330263
L8H8,8,8,0.0023666801975994467,0.00015669406914131656,0.0014826857462161946
L5H13,5,13,0.0023501697109966635,0.0008779139053530782,0.0017612673887392296
L26H3,26,3,0.002311103227661926,-0.00033519616941124486,0.0012525834688326576
L15H10,15,10,0.0019882837446725254,0.000649224694182271,0.0014526601244764237
L5H8,5,8,0.0019466099215716959,0.000754624605178833,0.0014698157950145507
L19H0,19,0,0.001908266689719218,7.437932782050627e-05,0.0011747117449597332
L24H2,24,2,0.001853126578214681,-0.006849757781842936,-0.0016280271658083657
L11H15,11,15,0.0018179082288974913,0.001218928069603109,0.0015783161651797383
L11H11,11,11,0.0017775537037267863,0.005156953887241578,0.003129313777132703
L10H6,10,6,0.0014954899869313865,0.0024790574864642645,0.0018889169867445377
L14H9,14,9,0.001467177780663076,-0.001294642686843872,0.00036244959366029663
L4H13,4,13,0.0014101942864860328,3.235514571031661e-05,0.0008590586301757463
L17H6,17,6,0.0014023424648657024,-0.0032207769591634516,-0.0004469053047459594
L12H10,12,10,0.0013353243106749568,0.0012091500003164057,0.0012848545865315362
L16H15,16,15,0.0012675436531625062,3.998017892603567e-05,0.000776518263467918
L23H12,23,12,0.0012603176803124283,0.0003812065938624265,0.0009086732457324276
L4H4,4,4,0.0012484454527134092,0.0006530226730718791,0.0010102763408567973
L5H10,5,10,0.001189606218803263,0.0003367059114502968,0.0008484460958620765
L12H8,12,8,0.0011169917699767051,-0.0010550291073031515,0.0002481834190647624
L8H10,8,10,0.0010999782783229772,0.0009721830123808894,0.0010488601719461422
L11H10,11,10,0.0010959106247599992,0.002209227986452067,0.0015412375694368262
L23H15,23,15,0.0010502527399761652,-0.0016761727449370323,-4.031745398911388e-05
L20H4,20,4,0.000985171009854624,-0.0015673404786644696,-3.58335855530135e-05
L4H15,4,15,0.000896894350284505,0.0008219742193454893,0.0008669262979088987
L3H7,3,7,0.0008646097125076802,-0.00026747584342956543,0.0004117754901327819
L9H11,9,11,0.0008291958308801473,-0.001158917095603007,3.395066028688548e-05
L6H9,6,9,0.0007295419530171099,0.0009465719141611428,0.0008163539374747231
L12H1,12,1,0.0006155255364208578,-0.0010633657618267511,-5.6030982878185786e-05
L1H12,1,12,0.0005116586278124391,3.6406080897277704e-05,0.0003215576090463745
L20H1,20,1,0.0005004616772256165,-0.004332944387342885,-0.0014329007486017843
L1H5,1,5,0.0004971041911986385,0.00023604747725702868,0.00039268150562199455
L3H9,3,9,0.00043680537037738,-0.0006278040932445883,1.0961584928592682e-05
L10H12,10,12,0.00034748417575192203,0.00018541405840621916,0.0002826561288136409
L15H13,15,13,0.00026667772269828305,-3.763742563200889e-05,0.00014495166336616627
L15H1,15,1,0.0002462413252853901,-0.002296647647532013,-0.0007709142638415711
L11H14,11,14,0.00022144288551517732,-0.00047172206204115774,-5.582309350735671e-05
L3H13,3,13,0.00022120955513749152,-0.0005484833949949142,-8.666762491547079e-05
L1H4,1,4,0.0002005848942733257,-0.0006587083746747435,-0.000143132413305902
L10H10,10,10,0.00018372622931872584,-0.0018744047095136107,-0.0006395261462142089
L9H13,9,13,8.637948734002698e-05,-0.0003908298364500018,-0.00010450424217598456
L15H6,15,6,8.413631741599481e-05,-0.00043376844103737433,-0.00012302558596535287
L4H8,4,8,4.747873399313374e-05,-0.00047428215422284925,-0.0001612256212932595
L1H10,1,10,2.3035014547923005e-05,-0.0004069950522446186,-0.00014897701216909367
L21H11,21,11,1.2908040023407175e-05,-0.000432431697845459,-0.0001652278551241393
L6H1,6,1,7.6148568129985605e-06,-0.000608393331853363,-0.00023878841865354605
L2H7,2,7,-1.427167799417095e-05,-0.00047031117648621557,-0.00019668747739098882
L21H2,21,2,-0.00010750133816783691,0.0030413677052754107,0.001152046279209462
L9H14,9,14,-0.00017219636498422286,-0.0006183356773562521,-0.00035065208993303456
L25H9,25,9,-0.00017375698903709935,-0.00046516555111586477,-0.0002903204138686055
L25H6,25,6,-0.00017787116329837094,0.0025095350858642673,0.0008970913363666845
L2H1,2,1,-0.00023384719360164397,-0.001051628735007304,-0.000560959810163908
L6H10,6,10,-0.00025884843454127004,-0.00043599489258561164,-0.00032970701775900666
L21H9,21,9,-0.00029598721643775416,-0.0005997368475286757,-0.0004174870688741228
L7H14,7,14,-0.0002990001585425617,-0.0009421618973336487,-0.0005562648540589965
L1H8,1,8,-0.00030048736711829616,-0.0005000102810743812,-0.00038029653270073017
L8H2,8,2,-0.0003449204491405844,0.00012605292041123484,-0.0001565311013198567
L1H9,1,9,-0.00035419260583269274,-0.0003990349246234537,-0.00037212953334899714
L6H13,6,13,-0.00046836094158453356,-0.0007480215735552465,-0.0005802251943728188
L2H10,2,10,-0.0004701672530755818,-0.0007262985880782669,-0.0005726197870766559
L5H4,5,4,-0.0005322796542469588,-0.0015343173248011377,-0.0009330947224686303
L6H15,6,15,-0.0005584606310216067,0.001049139877644989,8.457957244503158e-05
L5H2,5,2,-0.0005954424055610863,-0.000623407160363576,-0.0006066283074820822
L8H6,8,6,-0.0006938184179910989,-0.0009179151639706618,-0.0007834571163829241
L4H1,4,1,-0.0007008554005041301,-0.0009150228849271747,-0.0007865223942733479
L7H12,7,12,-0.0007233852293433429,-0.00011288320145963482,-0.00047918441818985965
L2H15,2,15,-0.0007921210149439695,0.0021885524435740766,0.0004001483684632491
L1H6,1,6,-0.0007980109714880168,-0.0006059909739145608,-0.0007212029724586344
L2H6,2,6,-0.0008508090565844117,-0.001460229478231323,-0.0010945772252431763
L2H9,2,9,-0.000865311884298503,-0.00044476404422666427,-0.0006970927482697676
L6H8,6,8,-0.0008699901220274864,0.00020011314531653834,-0.00044194881508987646
L8H5,8,5,-0.0009167245248469236,-0.0010250566936120808,-0.0009600573923529864
L19H4,19,4,-0.000989422565553233,-0.000882879989903107,-0.0009468055352931826
L24H12,24,12,-0.001000572268555766,0.0007335085694383237,-0.00030693993335813015
L22H11,22,11,-0.0010091706020075586,-0.0016013398403074142,-0.0012460382973275008
L8H0,8,0,-0.0010189297722607016,-0.0008343196496730654,-0.0009450857232256471
L24H13,24,13,-0.0010427229288147988,-0.0010505449481127416,-0.001045851736533976
L1H15,1,15,-0.001043978987670502,-0.0010997769309253336,-0.0010662981649724346
L22H2,22,2,-0.0010521775338707684,0.002990747370370972,0.000564992427825928
L0H13,0,13,-0.0010775974610957029,-0.0010132128145636798,-0.0010518436024828937
L5H11,5,11,-0.001081191185044017,-0.0010553518446480004,-0.0010708554488856104
L0H1,0,1,-0.001085805456812805,-0.0007371946078975622,-0.000946361117246708
L0H5,0,5,-0.0011087845011454878,-0.0009083442571686806,-0.001028608403554765
L6H11,6,11,-0.001112801999580526,-0.0006367447899608969,-0.0009223791157326744
L1H7,1,7,-0.0011372864246368408,-0.0009265447535166116,-0.001052989756188749
L6H7,6,7,-0.0011418694403113605,-0.0006574952020877989,-0.0009481197450219357
L0H7,0,7,-0.001152674599391612,-0.0008227112816601156,-0.0010206892722990136
L22H5,22,5,-0.0011744099419290777,-0.0008622771356163739,-0.0010495568194039961
L5H9,5,9,-0.0011915629956780194,-0.0006953703194130245,-0.0009930859251720213
L5H7,5,7,-0.0012028813362121582,-0.0013544915652856648,-0.001263525427841561
L10H11,10,11,-0.001203661284795654,0.0022127388454064034,0.00016289876728516897
L1H2,1,2,-0.001206158137902924,-0.0008989608869319765,-0.0010832792375145449
L3H14,3,14,-0.0012291764340749411,0.00028818118862994346,-0.0006222333849929873
L5H14,5,14,-0.0012471276085550542,-0.0009123050585024828,-0.0011131985885340255
L3H6,3,6,-0.0012601744837876794,-0.0007395279116746423,-0.0010519158549424645
L5H0,5,0,-0.0012689305514823612,-0.0010611233187884928,-0.0011858076584048138
L3H10,3,10,-0.0012791694664373576,-0.0010816992782964885,-0.0012001813911810101
L2H12,2,12,-0.00128959591795752,-0.0009254013619771628,-0.001143918095565377
L4H5,4,5,-0.001302227741334483,-0.0010513626947635801,-0.0012018817227061219
L0H14,0,14,-0.0013244370134865013,-0.0010020667459906818,-0.0011954889064881736
L1H14,1,14,-0.0013956035055765481,-0.0010571545217096245,-0.0012602239120297787
L4H2,4,2,-0.0014372169971466064,-0.001041971328781921,-0.0012791187298007323
L8H12,8,12,-0.0014458371371757206,-0.0009150236118130595,-0.0012335117270306562
L0H15,0,15,-0.0014616578090481669,-0.0011002886586073402,-0.001317110148871836
L5H6,5,6,-0.001461934752580607,-0.0010639276446365864,-0.0013027319094029988
L23H8,23,8,-0.0014744902529367776,-0.0013572544586367696,-0.0014275959352167745
L1H3,1,3,-0.001480000048148855,-0.001265463305682668,-0.0013941853511623802
L2H0,2,0,-0.0015050238225517987,-0.0008003493634666237,-0.0012231540389177286
L4H3,4,3,-0.0015051844643383383,-0.0008847844309922692,-0.0012570244509999106
L0H2,0,2,-0.0015082511960006206,-0.0009935563657341717,-0.001302373263894041
L0H12,0,12,-0.0015248612659732874,-0.0010747865932743128,-0.0013448313968936975
L13H12,13,12,-0.0015283575872095945,-0.005046004929193715,-0.0029354165240032424
L16H11,16,11,-0.0015362559295282185,-0.0010835448416268711,-0.0013551714943676797
L12H2,12,2,-0.0015493289726535853,-0.0007989653726903079,-0.0012491835326682741
L0H8,0,8,-0.0015586171208358257,-0.0008286855569700213,-0.0012666444952895038
L18H10,18,10,-0.001580577798006022,-0.002377401037914062,-0.001899307093969238
L0H4,0,4,-0.0015963403190054626,-0.0011270547785410256,-0.0014086261028196877
L21H13,21,13,-0.0016175493961426701,-0.0012965064223219303,-0.0014891322066143743
L3H3,3,3,-0.0016263076444951174,-0.0008582138433689268,-0.0013190701240446412
L7H15,7,15,-0.0016366468697058822,-0.0013396129375550236,-0.0015178332968455387
L0H10,0,10,-0.0016430645454220683,-0.0010430834642271014,-0.0014030721129440814
L9H2,9,2,-0.0016682758563901778,-0.0033279228501202907,-0.002332134653882223
L18H9,18,9,-0.0016685746065000506,-0.0008457303047180176,-0.0013394368857872372
L21H4,21,4,-0.0016695864316893516,-0.0013496097995013834,-0.0015415957788141642
L14H10,14,10,-0.001720216216110626,-0.0020203481360180353,-0.00184026898407359
L7H5,7,5,-0.0017222405933752238,-7.918767812775673e-05,-0.0010650194272762371
L0H9,0,9,-0.0017230706970865484,-0.0011661321651644796,-0.0015002952843177209
L11H3,11,3,-0.001741611376041341,-0.0012411984001717835,-0.001541446185693518
L5H3,5,3,-0.001758130585275075,-0.0011130484139048047,-0.0015000977167269668
L4H7,4,7,-0.00176549103201884,-0.0012233562585783897,-0.0015486371226426598
L3H5,3,5,-0.0018372717427044272,-0.001277414036960134,-0.00161332866040671
L27H10,27,10,-0.0018832371002289738,-0.0015108956069480595,-0.001734300502916608
L0H3,0,3,-0.0018891713968137713,-0.0011919177160031325,-0.0016102699244895159
L3H1,3,1,-0.00192028574827241,-0.002289356981835744,-0.002067914241697744
L2H13,2,13,-0.0019231162420133563,-0.0012853385471717216,-0.0016680051640767023
L2H3,2,3,-0.001925528776354879,-0.0012760707517949221,-0.0016657455665308961
L4H6,4,6,-0.001935026267679718,-0.0014146137528303626,-0.001726861261739976
L0H0,0,0,-0.0019362721501327007,-0.0013090786410541178,-0.0016853947465012675
L27H3,27,3,-0.001975801659793386,-0.0015176440157541604,-0.0017925386021776955
L2H2,2,2,-0.001991170208628601,-0.001089774980777669,-0.0016306121174882282
L14H4,14,4,-0.0020083247161493123,-0.0001151430897596839,-0.001251052065593461
L23H9,23,9,-0.0020113427464554245,-0.0015291695187731325,-0.0018184734553825077
L22H0,22,0,-0.0020183768214249165,-0.00350172127165449,-0.002611714601516746
L21H7,21,7,-0.0020351293610363363,-0.0013584923453446862,-0.0017644745547596762
L23H2,23,2,-0.0020401303361101686,-0.0014550838528609722,-0.00180611174281049
L24H8,24,8,-0.0020483688610355433,-0.0013802952882719932,-0.0017811394319301233
L1H11,1,11,-0.0020672170127310485,-0.0013609404970960082,-0.0017847064064770324
L21H6,21,6,-0.0020742103820893254,-0.001285034708860433,-0.0017585401127977684
L6H2,6,2,-0.0020948510344435123,-0.0014809086555387374,-0.0018492740828816023
L27H11,27,11,-0.0021028707667094526,-0.0013944143202246906,-0.0018194881881155476
L2H5,2,5,-0.0021105372324222715,-0.0009804658773469033,-0.001658508690392124
L2H8,2,8,-0.0021188397233078415,-0.0016553532786485192,-0.0019334451454441127
L0H11,0,11,-0.002120352372890544,-0.0011853859191988114,-0.0017463657914138508
L23H11,23,11,-0.0021276154169221906,-0.001660478551213318,-0.0019407606706386415
L1H0,1,0,-0.002147331470396474,-0.0014574694924238685,-0.0018713866792074317
L24H1,24,1,-0.0021851222689558414,-0.0015858789769614967,-0.0019454249521581035
L26H11,26,11,-0.002197388468719086,-0.0015881170586842241,-0.0019536799047051414
L3H4,3,4,-0.002233348968552318,-0.001470360087185374,-0.0019281534160055403
L25H1,25,1,-0.002243196818886739,-0.0010509156599277647,-0.0017662843553031494
L26H1,26,1,-0.0023141350688004048,-0.001967840805286336,-0.0021756173633947773
L27H4,27,4,-0.0023202060199365437,-0.0016170064123666172,-0.002038926176908573
L22H3,22,3,-0.0023265502801755877,-0.0015064565146841735,-0.001998512773979022
L27H2,27,2,-0.002373607420339763,-0.0015443861484527588,-0.0020419189115849614
L25H15,25,15,-0.002403951999617737,-0.001202363793442851,-0.0019233167171477828
L27H0,27,0,-0.0024245984670592247,-0.001804763950952637,-0.0021766646606165897
L27H9,27,9,-0.002429708475019887,-0.0035307676326937765,-0.0028701321380894427
L6H12,6,12,-0.0024385045214396772,-0.0016483228381086734,-0.0021224318481072755
L3H11,3,11,-0.0024393106379160256,-0.0012429073089507137,-0.001960749306329901
L20H3,20,3,-0.0024741866239686994,-0.0018207518065848083,-0.002212812697015143
L1H1,1,1,-0.0024933037234515787,-0.0013877327849225463,-0.0020510753480399656
L3H8,3,8,-0.0025633718909287007,-0.0016030262156231379,-0.0021792336208064757
L4H12,4,12,-0.00257143596323528,-0.00037682419869966566,-0.0016935912574210343
L23H0,23,0,-0.0025746400763348998,-0.0009261340629763692,-0.0019152376709914876
L10H15,10,15,-0.0025848368319069115,-0.0006381135161329654,-0.0018061475055973332
L26H6,26,6,-0.0025879820672476406,-0.002178176147181743,-0.0024240596992212817
L8H9,8,9,-0.0025921798333888857,-0.0016334049585389199,-0.0022086698834488994
L26H13,26,13,-0.0027444915073673304,-0.0017404876104214484,-0.0023428899485889777
L26H8,26,8,-0.00276117644658902,-0.0029113350844964803,-0.0028212399017520044
L22H13,22,13,-0.0027795179588038232,-0.0022591476033373414,-0.0025713698166172304
L14H2,14,2,-0.0028017206889826562,-0.0005284409697462467,-0.0018924088012880922
L6H3,6,3,-0.002802415591914409,-0.0017211270041581628,-0.0023699001568119105
L10H8,10,8,-0.0028464517942289325,-0.0004031759936635737,-0.001869141474002789
L11H4,11,4,-0.002880924358600545,-0.005474690257049275,-0.003918430717980037
L27H13,27,13,-0.002884073955256694,-0.005280980249730449,-0.0038428364730461965
L16H10,16,10,-0.0028910084468561914,-0.001669026002651286,-0.002402215469174229
L7H2,7,2,-0.002919696453140941,-0.0009447576069250285,-0.002129720914654576
L26H7,26,7,-0.0029567429205266116,-0.0017596141594211634,-0.002477891416084432
L15H12,15,12,-0.0029722110527317103,-0.0014126896858215332,-0.002348402505967639
L2H11,2,11,-0.0030427182592996926,-0.0016353660967292072,-0.0024797773942714985
L20H12,20,12,-0.0030452885278841046,-0.0034454573945301714,-0.0032053560745425314
L4H14,4,14,-0.0030463505082013453,-0.0018096580737974044,-0.002551673534439769
L5H15,5,15,-0.0030691965324122217,-0.0008162238248964337,-0.0021680074494059066
L25H14,25,14,-0.003077991125060242,-0.002622598555029887,-0.0028958340970481
L6H6,6,6,-0.0031179880223622947,-0.002069218129646444,-0.0026984800652759544
L25H12,25,12,-0.0031896182676640628,-0.0031086213705016075,-0.0031572195087990807
L18H13,18,13,-0.0032084242599765833,-0.00545402707123166,-0.004106665384478614
L3H2,3,2,-0.0032117526705671695,-0.002151447825315511,-0.002787630732466506
L23H1,23,1,-0.00323099188688325,-0.003879959990338633,-0.0034905791282654032
L23H3,23,3,-0.003278676329589447,-0.00543782551114147,-0.004142336002210256
L7H7,7,7,-0.003336526271773499,0.002143288530954579,-0.0011446003506822675
L20H2,20,2,-0.0034246895371413677,-0.0020221093805824486,-0.0028636574745178
L9H6,9,6,-0.0035394611882000326,0.0018511465409907224,-0.0013832180965237307
L18H4,18,4,-0.0035975917083460596,-0.0020319579578027547,-0.002971338208128738
L25H3,25,3,-0.0036261844925763453,-0.0022169373384335334,-0.0030624856309192207
L21H3,21,3,-0.003645438973496562,-0.0019728948430317583,-0.0029764213213106403
L19H11,19,11,-0.003657601228574392,-0.0029473115758198443,-0.003373485367472573
L25H11,25,11,-0.0036630085328730466,-0.002708178467866862,-0.0032810765068705724
L5H1,5,1,-0.0037118247369440915,-0.0009693139936866046,-0.002614820439641097
L25H7,25,7,-0.0037255585193634033,-0.005078469107790751,-0.0042667227547343416
L11H7,11,7,-0.0037280590069003194,-0.0002602077111965029,-0.002340918488618793
L20H15,20,15,-0.00378097266685673,-0.0012898605044295852,-0.002784527801885872
L25H8,25,8,-0.0038123203486930546,-0.0014519437057215479,-0.002868169691504452
L8H7,8,7,-0.003875719337928518,-0.0006404279208764851,-0.002581602771107705
L18H5,18,5,-0.003954446897274089,-0.002804953150632894,-0.003494649398617611
L23H13,23,13,-0.00399802806900762,-0.0024369242714672446,-0.0033735865499914695
L7H1,7,1,-0.004045907317138275,-0.0022606246355103554,-0.003331794244487107
L2H4,2,4,-0.004088062338712728,-0.002454433499312958,-0.00343461080295282
L5H5,5,5,-0.004225671291351318,-0.003427767898978251,-0.003906509934402091
L26H12,26,12,-0.004268696395362315,-0.003956595572029764,-0.0041438560660292945
L4H10,4,10,-0.0043279455929267074,-0.002753281738699931,-0.0036980800512359966
L12H15,12,15,-0.00432814257900882,-0.0021337648717367763,-0.0034503914961000024
L27H1,27,1,-0.004424709372404134,-0.0025610029697418213,-0.003679226811339209
L7H11,7,11,-0.004487769632804617,-0.00131878329486379,-0.003220175097628286
L6H4,6,4,-0.004579141372587636,-0.0026207777058205872,-0.003795795905880817
L18H0,18,0,-0.0046293757310728045,-0.0046290740734193925,-0.00462925506801144
L6H5,6,5,-0.0046447079356123355,-0.003393106344269481,-0.004144067299075194
L6H14,6,14,-0.004686407199720022,-0.0021941138476859745,-0.003689489858906403
L24H10,24,10,-0.004725850936843079,-0.002968732176757416,-0.004023003432808814
L12H12,12,12,-0.004753149137264323,-0.002656097819165537,-0.003914328610024808
L19H10,19,10,-0.004833226523748291,-0.004360201882153025,-0.004644016667110185
L14H14,14,14,-0.0050328889997993675,-0.0023888843815500493,-0.003975287152499641
L19H12,19,12,-0.005035982626240387,-0.003572034399683899,-0.004450403335617792
L27H8,27,8,-0.0052290093608018395,-0.0018097583840532838,-0.0038613089701024176
L21H5,21,5,-0.005238727098557994,-0.0052678214340675655,-0.005250364832761823
L13H4,13,4,-0.005367940518914205,-0.0036199986934661865,-0.004668763788734998
L24H11,24,11,-0.005368018295706767,-0.005564342911650533,-0.005446548142084273
L9H8,9,8,-0.005438340146367127,-0.00885922225510205,-0.0068066929898610955
L16H3,16,3,-0.005672002710947144,-0.00402810079295457,-0.005014441943750114
L24H4,24,4,-0.0057899901052800296,-0.0027193296246412757,-0.0045617259130245275
L27H14,27,14,-0.005877473005434286,-0.0031583272829287523,-0.004789814716432072
L13H9,13,9,-0.005971183137195801,-0.00322944507366274,-0.004874487911782577
L12H7,12,7,-0.006161307416311157,0.0021947578686039027,-0.002818881302345133
L3H15,3,15,-0.006280811821542165,-0.003050000202365122,-0.004988487173871348
L12H4,12,4,-0.006311745905294597,-0.0046653892935776264,-0.005653203260607809
L24H5,24,5,-0.006371096140000865,-0.00536229770358021,-0.005967576765432603
L24H15,24,15,-0.006383939487178081,-0.005598163459359151,-0.006069629076050509
L10H3,10,3,-0.006396881690839407,-0.004573070421451497,-0.005667357183084243
L20H7,20,7,-0.006399630773358256,-0.0014984883913180536,-0.004439173820542175
L9H1,9,1,-0.006448309595991852,-0.00484682801293157,-0.00580771696276774
L17H0,17,0,-0.006461463323453542,0.0015765980976384375,-0.0032462387550167503
L13H0,13,0,-0.006536778153442779,-0.0027161938388173823,-0.00500854442759262
L20H9,20,9,-0.00666886568069458,-0.004321681290138102,-0.005729991924471989
L22H14,22,14,-0.006792813539505005,-0.012204357036730173,-0.008957430938395072
L11H2,11,2,-0.006870508920855611,-0.002820798536626312,-0.005250624767163891
L24H0,24,0,-0.007188447364946615,-0.005974693996150249,-0.006702946017428068
L14H3,14,3,-0.007423021444460165,-0.002862626459540385,-0.005598863450492253
L24H9,24,9,-0.007442012065794423,-0.0074856579303741455,-0.007459470411626312
L20H11,20,11,-0.007489327977343252,-0.00299006555138559,-0.005689623006960187
L16H1,16,1,-0.0077540700028582155,-0.006801576876058868,-0.007373072752138476
L9H9,9,9,-0.008261212488500091,0.0006235568988613993,-0.004707304733555495
L18H1,18,1,-0.008464857572462514,-0.004075411616302205,-0.00670907918999839
L27H7,27,7,-0.008517778501277995,-0.007865769834053182,-0.00825697503438807
L21H0,21,0,-0.008725990609424805,-0.0014689288488247687,-0.00582316590518479
L27H6,27,6,-0.00903668854294748,-0.008133390327779266,-0.008675369256880195
L22H10,22,10,-0.009114601263185751,-0.006042479014978119,-0.007885752363902699
L12H9,12,9,-0.00929321239634251,-0.006975115799322307,-0.00836597375753443
L23H10,23,10,-0.009938440671781179,-0.005675810866239583,-0.00823338874956454
L19H7,19,7,-0.00994977645757722,-0.0019252336606746523,-0.006739959338816192
L7H6,7,6,-0.010016045192392853,-0.002979310547433278,-0.007201351334409023
L13H15,13,15,-0.01013212305743516,-0.007377924715600392,-0.009030443720701253
L23H4,23,4,-0.01017812330548351,-0.0061709582805633545,-0.008575257295515448
L9H10,9,10,-0.010180820052216655,-0.0044883911202593385,-0.007903848479433729
L10H14,10,14,-0.010183779931649872,-0.002302693157661184,-0.007031345222054397
L7H10,7,10,-0.010558903217315674,-0.004653256113936299,-0.008196644375963924
L21H15,21,15,-0.010850726831250102,-0.004612372415821797,-0.008355385065078779
L14H7,14,7,-0.010933571472400594,-0.004456383426015065,-0.008342696253846382
L10H0,10,0,-0.010984782038665375,-0.004537089568812713,-0.00840570505072431
L25H4,25,4,-0.011072417584861216,-0.005190564364921824,-0.00871967629688546
L25H0,25,0,-0.01180366190468396,-0.010200979506097219,-0.011162588945249264
L13H3,13,3,-0.011885540514457449,-0.004854543906886333,-0.009073141871429002
L17H5,17,5,-0.012311399709887594,-0.0018262143542127074,-0.008117325567617639
L16H9,16,9,-0.01269349019701882,0.010534892721874023,-0.0034021370294616826
L9H3,9,3,-0.0127274241389298,-0.006262466674897715,-0.010141441153316964
L24H3,24,3,-0.013028402880924439,-0.013158634668443248,-0.013080495595931963
L8H1,8,1,-0.013091206550598145,-0.005342645616066233,-0.00999178217678538
L10H4,10,4,-0.013514486754812816,-0.0074361977053851724,-0.011083171135041758
L11H13,11,13,-0.013994556374666178,-0.0035477244272464903,-0.009815823595698303
L11H12,11,12,-0.014021645958830598,-0.01409524388429595,-0.014051085129016738
L19H15,19,15,-0.014146535134896943,-0.014728296093824422,-0.014379239518467934
L14H11,14,11,-0.014327544264677083,-0.005513774912531799,-0.01080203652381897
L8H3,8,3,-0.0144024643956161,-0.004044438280710327,-0.01025925394965379
L22H8,22,8,-0.014427317351829672,-0.008286443425387868,-0.01197096778125295
L17H7,17,7,-0.015962202374528056,-0.0037872427847327472,-0.011092218538609932
L13H8,13,8,-0.01596843905565215,-0.008321583997912496,-0.012909697032556289
L22H4,22,4,-0.016815380352299347,-0.013023783520954346,-0.015298741619761348
L7H3,7,3,-0.016949075751188314,-0.005173228135923025,-0.0122387367050822
L12H6,12,6,-0.017015565459321147,-0.006702856319706574,-0.012890481803475316
L2H14,2,14,-0.01749535668187019,-0.006584530923424703,-0.013131026378491993
L9H15,9,15,-0.018393908332033804,-0.005920170283899018,-0.013404413112779888
L9H0,9,0,-0.018475443851657003,-0.010001243614568889,-0.015085763756821757
L21H14,21,14,-0.018748654098045492,-0.009877212890764486,-0.01520007761513309
L24H14,24,14,-0.019509853386297404,-0.014376515295447367,-0.01745651814995739
L15H2,15,2,-0.020333058950377625,-0.0030349711092506615,-0.01341382381392684
L22H6,22,6,-0.02059225120195529,-0.012622923385806284,-0.01740452007549569
L23H14,23,14,-0.02060593119481713,-0.008975452039299947,-0.015953739532610256
L10H7,10,7,-0.021099517985088023,-0.007243087378943858,-0.015556945742630356
L13H14,13,14,-0.021157330856090617,-0.0034688914694437356,-0.014081955101431865
L18H2,18,2,-0.021445817336803508,0.0023612183768574324,-0.01192300305133913
L24H7,24,7,-0.02179316413111798,-0.014470048793932211,-0.018863917996243672
L9H12,9,12,-0.023496845146504852,-0.004368193265868459,-0.015845384394250296
L23H7,23,7,-0.02436070543963731,-0.011867883001885793,-0.0193635764645367
L11H0,11,0,-0.024652579208699676,-0.010760853930217529,-0.019095889097306817
L21H10,21,10,-0.024919014151503327,-0.0051083179508767396,-0.016994735671252693
L11H5,11,5,-0.02526585866765274,-0.009877271041637492,-0.01911042361724664
L8H11,8,11,-0.026073747291797567,-0.007700603909608805,-0.018724489938922062
L9H4,9,4,-0.02653001794000953,-0.005263651289591054,-0.018023471279842142
L18H6,18,6,-0.027170480024523824,-0.011656699384131053,-0.020964967768366715
L22H12,22,12,-0.027777854262328705,-0.01995683152501171,-0.024649445167401904
L17H13,17,13,-0.03246430725586125,-0.009594260919384867,-0.023316288721270693
L19H1,19,1,-0.03308639003009328,-0.00811508297920227,-0.023097867209736878
L17H10,17,10,-0.03735942157303418,-0.018025517463684082,-0.02962585992929414
L9H7,9,7,-0.038915015575362366,-0.009697428563746002,-0.02722798077071582
L13H10,13,10,-0.04124996502224987,-0.011129116139760753,-0.02920162546925422
L13H6,13,6,-0.043980017667863414,-0.010855795406713775,-0.030730328763403557
L16H12,16,12,-0.047896787160780385,-0.018239405097031036,-0.036033834335280644
L18H3,18,3,-0.0793969594850773,-0.03313766020100295,-0.06089323977144756
L14H12,14,12,-0.08226576447486877,-0.01573249479619465,-0.055652456603399125
L12H0,12,0,-0.08228517523626,-0.0187530575728998,-0.05687232817091592
L22H7,22,7,-0.0991201044582739,-0.054474145900912374,-0.08126172103532929
L17H3,17,3,-0.12687532276642033,-0.04601113970686754,-0.09452964954259921
